"","county","sex","2020K1","2020K2","2020K3","2020K4","2021K1","2021K2","2021K3","2021K4","2022K1","2022K2","2022K3","2022K4","2023K1","2023K2","2023K3","2023K4","2024K1","2024K2","2024K3","2024K4","2025K1","2025K2","2025K3","2025K4","2026K1","2026K2"
"1","Agder","Females",7.91529497113574,7.11455376161516,6.01285185070849,7.58900379711666,7.88630012657055,7.60420245114685,6.28662766647115,7.92854505603062,8.51143487790572,7.2956740653845,6.25941036643719,7.78551014107986,8.16718365078875,7.49738060692125,6.45044855369987,8.14784737443275,8.55040409965116,8.11709072947859,7.06602290618343,7.93687000277838,8.1863300713117,7.62288395641034,6.51362670947427,7.94644521964622,8.5398258883092,7.78580989720001
"2","Agder","Males",4.9257719260334,4.3978131077702,3.82176859197975,4.35427005834594,4.37741024295372,4.12555490383725,3.76382675269348,4.59958694779736,5.01037847683141,4.17558052665699,3.99760874262958,4.74784336122002,4.99664279319606,4.4685475257,4.2168110394221,4.94732010002161,5.15501589849659,4.57698021177415,4.28503442101689,4.69642175778718,4.87152594696385,4.31757756305375,4.07575926897787,4.69419905535146,4.99101194702559,4.41631741425617
"3","Innlandet","Females",8.4681381229446,7.06833496711358,6.10619334471709,7.60441410532085,7.76359331520364,7.47315646344549,6.17752814318239,7.92154112910026,8.46136188759592,7.26070205118476,6.13863969348174,7.70981770174551,8.36470639387807,7.56253768235096,6.44744998524328,8.1206175162324,8.3965016021587,7.88653844126824,6.59535901003457,7.92822566194451,8.39462407243444,7.69505992284341,6.41214504806476,7.97669438822835,8.37237435702842,7.92700032675605
"4","Innlandet","Males",5.08645648874273,4.27319335525761,3.68850609241926,4.34078020912387,4.54941157559659,4.01309474871406,3.61236718947635,4.54969775065351,5.00282670334767,4.23800726241673,3.87311008516738,4.65118211906569,5.01565135129438,4.28359104899233,3.85769457795767,4.66828542668016,4.98895722657897,4.47379627287292,3.98239232861118,4.53310934733114,4.71863932456362,4.13947792815583,3.72434121764061,4.44625310945274,4.78411333164685,4.36745061767434
"5","Møre og Romsdal","Females",8.30108112876508,7.08596100879214,5.96815718024367,7.56292551679523,8.16165717534281,7.84037618968272,6.37543201042902,8.09305597757368,8.68661233251326,7.68369044235124,6.44593866089019,7.73888927006655,8.16168020936455,7.48663585662057,6.16757495858777,7.93370220440489,8.35593248581202,7.97900277388432,6.60939347009988,7.74693941562197,8.1697867147604,7.96615714103682,6.59141566117444,8.10176234770591,8.54536134008998,8.12086784352548
"6","Møre og Romsdal","Males",4.6655342422787,4.17020279740843,3.67873420699254,4.24924869882281,4.36775334973486,4.15823539790047,3.92981190515864,4.66089362202641,4.94399792203719,4.27293894513982,3.83177371769111,4.57751732452486,4.71838850063221,4.32248414573184,3.93678876331808,4.7176470011664,4.86355527675132,4.39915313213687,4.10970124383717,4.61616596257707,4.6518966311518,4.14870960469698,3.79445909255756,4.4419748488086,4.59126667516148,4.21502994422826
"7","Nordland","Females",8.81482702489395,7.75952637377092,6.5966629945082,8.38564610806011,8.56676641783682,8.10325273767635,6.87877602025716,8.6984486500707,8.95703492387122,7.98776184682167,6.7576515176428,8.33064059982242,8.86382732085896,8.18932840606399,6.96351080272288,8.38362368048933,8.88579820119044,8.28033394718669,7.20518678680654,8.35831579466605,8.70761904370417,8.2606999572495,6.74382954059653,8.28730597849321,8.8168515077773,8.4045685487849
"8","Nordland","Males",5.16080888881581,4.57522115163274,4.06708786872308,4.65225508895393,4.7990627774672,4.53711072379888,4.1242942056628,4.98578710250255,5.31483606826926,4.55393016870006,4.13705975204709,4.82018892433161,5.11010638297872,4.62839660955638,4.23668650728403,4.87027319214706,5.20680596205071,4.69527524745963,4.29507670426518,4.80418091683383,4.9825713604525,4.5689828669144,4.13928524449998,4.75042503863988,4.91946257686869,4.48952941563353
"9","Oslo","Females",6.3,5,4.4,5.5,5.7,5.2,4.5,6,6.7,5.5,4.8,6.1,6.5,5.9,5.1,6.7,6.9,6.6,5.6,6.4,6.6,6.2,5.1,6.2,6.6,6.2
"10","Oslo","Males",3.7,3.1,2.7,3.1,3.2,2.9,2.7,3.4,3.9,3.1,2.9,3.5,3.7,3.3,3.1,3.8,3.9,3.6,3.4,3.7,3.8,3.4,3.2,3.6,3.7,3.4
"11","Rogaland","Females",7.15168355858069,5.83515587850398,5.16755514597522,6.65068124388413,6.99669713629987,6.46366967826111,5.38319369176416,6.93640616833228,7.54971567352168,6.25812992953734,5.25270041381587,6.73746094686416,7.26063542153807,6.47709098840294,5.47069000750606,7.02562966427075,7.38599333493148,7.10276623922723,5.93391246595746,6.81430317416028,7.24126545914698,6.65661044325064,5.54616463819603,6.95599757919681,7.49161344960524,7.0652553829467
"12","Rogaland","Males",3.84715987911704,3.23592809900142,3.02346508895273,3.4588019382145,3.5075046863763,3.31140272969139,3.09423939228408,3.76744235855396,4.11398740867952,3.3449874440484,3.13423648417636,3.73824043763091,3.8767620578399,3.35292402372073,3.15639921245299,3.76496850204943,3.77506828158343,3.50166626712934,3.34041051477437,3.64199071763453,3.77891346807566,3.37325012477354,3.12656556407465,3.6206898110123,3.77821355728383,3.40770412754803
"13","Trøndelag","Females",8.13188937906559,6.80941439102472,5.79076121398462,7.55284095787524,7.80284300217104,7.44705089887686,6.19569348646472,7.84560680832274,8.15127339185471,7.10416893242785,6.07384446179824,7.61173466675934,8.26522325754447,7.64760306317283,6.47279062731261,8.16087463151568,8.46440165506188,8.01610373574615,6.76458012208535,8.02377148043813,8.42881026072949,7.91362236950238,6.38660781820486,7.70529329511863,8.21206441167211,7.81579341164349
"14","Trøndelag","Males",4.49240503223854,3.86289521348581,3.37418729020414,3.89147283335309,3.98358123827085,3.7049559863114,3.39154847229775,4.15759312789523,4.60933098375603,3.80990563530581,3.51169173654751,4.16914667004657,4.50300184395481,4.10098167084384,3.70861139163392,4.50472232330129,4.59580224300135,4.13713933511323,3.83596366059783,4.27226646986912,4.43668161728329,3.99551542830041,3.61813658349108,4.16576070291067,4.31714734875278,3.92836194666023
"15","Vestland","Females",7.82606942895942,6.54744327416449,5.6724523120202,7.13187704870721,7.42494220329251,7.17032621342706,5.99345947850813,7.83602367766298,8.43585674315174,7.07187738288002,5.95860008931528,7.68920105355575,8.31935149208162,7.43628129452473,6.18738527999125,8.01336478608383,8.33475321337542,8.0637989069511,6.7007488509012,7.83991648717536,8.15137967803968,7.40987617378202,6.16063520176443,7.73090840323115,8.41910253333374,7.88843397504641
"16","Vestland","Males",4.43276306235969,3.74469834827491,3.45166114268875,3.99679315614073,4.04285538519493,3.85780977060555,3.51074851672839,4.29353557877213,4.73262832995616,3.97122529019871,3.67522093380036,4.39253017428631,4.52115830373879,4.02572340819817,3.66182546457616,4.43845311403495,4.4802566143433,4.2435961855692,3.8949226997518,4.34854300652245,4.44224384894174,3.98620671322808,3.61998885077969,4.14494229443055,4.50182746961306,4.17041887043512
